{
	"format_version": "1.8.0",
	"animations": {
		"reload": {
			"animation_length": 1.0417,
			"bones": {
				"Barrel": {
					"rotation": {
						"0.0833": {
							"vector": [0, 0, 0]
						},
						"0.125": {
							"vector": [62.5, 0, 0]
						},
						"0.2083": {
							"vector": [47.5, 0, 0]
						},
						"0.25": {
							"vector": [37.5, 0, 0]
						},
						"0.2917": {
							"vector": [62.5, 0, 0]
						},
						"0.8333": {
							"vector": [62.5, 0, 0]
						},
						"0.9167": {
							"vector": [0, 0, 0]
						}
					}
				},
				"root": {
					"rotation": {
						"0.0": {
							"vector": [0, 0, 0]
						},
						"0.0417": {
							"vector": [-14.6105, 2.1764, -8.2391]
						},
						"0.125": {
							"vector": [32.2666, 0.5279, 5.1118]
						},
						"0.1667": {
							"vector": [32.2666, 0.5279, 5.1118]
						},
						"0.2083": {
							"vector": [-2.7334, 0.5279, 5.1118]
						},
						"0.25": {
							"vector": [-47.7334, 0.5279, 5.1118]
						},
						"0.3333": {
							"vector": [4.7666, 0.5279, 5.1118]
						},
						"0.4167": {
							"vector": [2.2666, 0.5279, 5.1118]
						},
						"0.5833": {
							"vector": [4.7666, 0.5279, 5.1118]
						},
						"0.7083": {
							"vector": [4.7666, 0.5279, 5.1118]
						},
						"0.75": {
							"vector": [9.7666, 0.5279, 5.1118]
						},
						"0.8333": {
							"vector": [23.8281, 1.3521, -1.5637]
						},
						"0.9167": {
							"vector": [-17.1105, 2.1764, -8.2391]
						},
						"0.9583": {
							"vector": [-24.6105, 2.1764, -8.2391]
						},
						"1.0": {
							"vector": [10.0093, -2.462, -0.4344]
						},
						"1.0417": {
							"vector": [0, 0, 0]
						}
					},
					"position": {
						"0.0": {
							"vector": [0, 0, 0]
						},
						"0.0417": {
							"vector": [0.38023, -0.11719, 0.58082]
						},
						"0.125": {
							"vector": [0.59934, 2.28392, 1.04406]
						},
						"0.1667": {
							"vector": [0.59934, 2.28392, 1.04406]
						},
						"0.2083": {
							"vector": [0.54, 0.39, 0.07]
						},
						"0.25": {
							"vector": [0.54, 0.39, 0.07]
						},
						"0.3333": {
							"vector": [0.41924, 0.33881, 0.38519]
						},
						"0.4167": {
							"vector": [0.41683, 0.33036, 0.14021]
						},
						"0.5833": {
							"vector": [0.41924, 0.33881, 0.38519]
						},
						"0.7083": {
							"vector": [0.41924, 0.33881, 0.38519]
						},
						"0.75": {
							"vector": [0.4289, 0.40607, 0.77938]
						},
						"0.9167": {
							"vector": [0.53761, -1.30154, 0.21332]
						},
						"0.9583": {
							"vector": [0.56731, -1.53879, 0.09218]
						},
						"1.0": {
							"vector": [0, -0.21523, 0.28049]
						},
						"1.0417": {
							"vector": [0, 0, 0]
						}
					}
				},
				"Ammo1": {
					"rotation": {
						"0.1667": {
							"vector": [0, 0, 0]
						},
						"0.25": {
							"vector": [0, -12.5, 0]
						},
						"0.3333": {
							"vector": [118.0913, -9.5772, 31.3263]
						},
						"0.4167": {
							"vector": [221.1623, -29.3186, 14.9408]
						},
						"0.5": {
							"vector": [151.0394, -8.1189, 22.9628]
						},
						"0.5833": {
							"vector": [198.5394, -8.1189, 22.9628]
						},
						"0.625": {
							"vector": [0, 0, 0]
						}
					},
					"position": {
						"0.0417": {
							"vector": [0, 0, 0]
						},
						"0.1667": {
							"vector": [0, 0, 0]
						},
						"0.25": {
							"vector": [-0.9763, 0, 8.78356]
						},
						"0.3333": {
							"vector": [-4.05586, -8.8019, 14.94989]
						},
						"0.4167": {
							"vector": [-8.90686, -15.54064, 13.64188]
						},
						"0.5": {
							"vector": [-8.74182, -23.66793, 2.08168]
						},
						"0.5833": {
							"vector": [-8.57126, -31.3122, -5.76281]
						},
						"0.625": {
							"vector": [0, 0, 12]
						},
						"0.6667": {
							"vector": [0, 0, 12]
						},
						"0.7083": {
							"vector": [0, 0, 12]
						},
						"0.7917": {
							"vector": [0, 0, 0]
						}
					},
					"scale": {
						"0.4583": {
							"vector": [1, 1, 1]
						},
						"0.5": {
							"vector": [0, 0, 0]
						},
						"0.5417": {
							"vector": [0, 0, 0]
						},
						"0.5833": {
							"vector": [0, 0, 0]
						},
						"0.6667": {
							"vector": [1, 1, 1]
						},
						"0.7083": {
							"vector": [1, 1, 1]
						}
					}
				},
				"Ammo2": {
					"rotation": {
						"0.1667": {
							"vector": [0, 0, 0]
						},
						"0.25": {
							"vector": [0, -15, 0]
						},
						"0.3333": {
							"vector": [76.8532, -3.0524, -31.4358]
						},
						"0.4167": {
							"vector": [212.1849, 32.1319, -11.384]
						},
						"0.5": {
							"vector": [184.9452, 42.1748, -11.254]
						},
						"0.5833": {
							"vector": [213.7879, 14.7502, -13.613]
						},
						"0.625": {
							"vector": [0, 0, 0]
						}
					},
					"position": {
						"0.0417": {
							"vector": [0, 0, 0]
						},
						"0.1667": {
							"vector": [0, 0, 0]
						},
						"0.25": {
							"vector": [-1.74118, -3, 12.03407]
						},
						"0.3333": {
							"vector": [-4.92833, -9.25217, 13.32995]
						},
						"0.4167": {
							"vector": [-6.25482, -17.65729, 7.72507]
						},
						"0.5": {
							"vector": [-7.06652, -22.04942, -2.11277]
						},
						"0.5833": {
							"vector": [-6.45136, -24.76776, -10.12727]
						},
						"0.625": {
							"vector": [0, 0, 14]
						},
						"0.6667": {
							"vector": [0, 0, 13]
						},
						"0.7083": {
							"vector": [0, 0, 13]
						},
						"0.8333": {
							"vector": [0, 0, 0]
						}
					},
					"scale": {
						"0.4583": {
							"vector": [1, 1, 1]
						},
						"0.5": {
							"vector": [0, 0, 0]
						},
						"0.5417": {
							"vector": [0, 0, 0]
						},
						"0.5833": {
							"vector": [0, 0, 0]
						},
						"0.6667": {
							"vector": [1, 1, 1]
						},
						"0.7083": {
							"vector": [1, 1, 1]
						},
						"0.75": {
							"vector": [1, 1, 1]
						}
					}
				},
				"Flash": {
					"scale": {
						"vector": [0, 0, 0]
					}
				},
				"Flash2": {
					"scale": {
						"vector": [0, 0, 0]
					}
				}
			}
		},
		"hook": {
			"animation_length": 0.1667,
			"bones": {
				"root": {
					"rotation": {
						"0.0": {
							"vector": [0, 0, 0]
						},
						"0.0417": {
							"vector": [-5, 0, 0]
						},
						"0.0833": {
							"vector": [-12.5, 0, 0]
						},
						"0.125": {
							"vector": [-10, 0, 0]
						},
						"0.1667": {
							"vector": [-12.5, 0, 0]
						}
					},
					"position": {
						"0.0": {
							"vector": [0, 0, 0]
						},
						"0.0417": {
							"vector": [0, 0, 0]
						},
						"0.0833": {
							"vector": [0, -0.60802, 3.95063]
						},
						"0.125": {
							"vector": [0, -0.52318, 3.4576]
						},
						"0.1667": {
							"vector": [0, -0.60802, 3.95063]
						}
					}
				},
				"Meathook": {
					"rotation": {
						"0.0": {
							"vector": [0, 0, 0]
						},
						"0.0417": {
							"vector": [5, 0, 0]
						},
						"0.0833": {
							"vector": [7.5, 0, 0]
						},
						"0.125": {
							"vector": [0, 0, 0]
						}
					},
					"position": {
						"0.0": {
							"vector": [0, 0, 0]
						},
						"0.0417": {
							"vector": [0, 0, 1]
						},
						"0.0833": {
							"vector": [0, -13.90589, -50.06421]
						},
						"0.125": {
							"vector": [0, -18, -104]
						}
					},
					"scale": {
						"0.0833": {
							"vector": [1, 1, 1]
						},
						"0.125": {
							"vector": [0, 0, 0]
						}
					}
				},
				"Flash": {
					"scale": {
						"vector": [0, 0, 0]
					}
				},
				"Flash2": {
					"scale": {
						"vector": [0, 0, 0]
					}
				}
			}
		},
		"hooking": {
			"loop": true,
			"animation_length": 0.0833,
			"bones": {
				"root": {
					"rotation": {
						"0.0": {
							"vector": [-10, 0, 0]
						},
						"0.0417": {
							"vector": [-12.5, 0, 0]
						},
						"0.0833": {
							"vector": [-10, 0, 0]
						}
					},
					"position": {
						"0.0": {
							"vector": [0, -0.52318, 3.4576]
						},
						"0.0417": {
							"vector": [0, -1.36787, 2.75789]
						},